id;contenido;autor;pregunta;foto;fecha_publicacion
1;Asegúrate de revisar configuraciones y parámetros del entorno.;4;1;;2025-11-18T20:12:40.111730
2;Lo mejor es empezar entendiendo bien los fundamentos.;2;1;;2025-11-03T11:23:40.111730
3;Asegúrate de revisar configuraciones y parámetros del entorno.;7;1;;2025-11-06T10:28:40.111730
4;Asegúrate de revisar configuraciones y parámetros del entorno.;6;2;;2025-11-14T07:51:40.111730
5;Practicar con ejemplos reales suele ayudar bastante.;10;3;;2025-11-06T13:29:40.111730
6;Divide el problema en partes más simples para avanzar más fácil.;9;3;;2025-11-05T19:32:40.111730
7;Practicar con ejemplos reales suele ayudar bastante.;7;4;;2025-10-23T21:30:40.111730
8;Asegúrate de revisar configuraciones y parámetros del entorno.;10;5;;2025-10-26T00:54:40.111730
9;Practicar con ejemplos reales suele ayudar bastante.;9;6;;2025-11-26T06:20:40.111730
10;Asegúrate de revisar configuraciones y parámetros del entorno.;10;6;;2025-10-26T13:00:40.111730
11;Revisa documentación oficial y practica con ejercicios pequeños.;4;7;;2025-11-02T03:08:40.111730
12;Divide el problema en partes más simples para avanzar más fácil.;2;7;;2025-10-29T19:20:40.111730
13;Revisa documentación oficial y practica con ejercicios pequeños.;5;7;;2025-11-15T07:54:40.111730
14;Practicar con ejemplos reales suele ayudar bastante.;1;8;;2025-10-30T08:31:40.111730
15;Divide el problema en partes más simples para avanzar más fácil.;9;8;;2025-11-05T06:00:40.111730
16;Divide el problema en partes más simples para avanzar más fácil.;6;8;;2025-10-26T15:45:40.111730
17;Revisa documentación oficial y practica con ejercicios pequeños.;9;9;;2025-11-18T09:38:40.111730
18;Revisa documentación oficial y practica con ejercicios pequeños.;6;9;;2025-11-25T20:05:40.111730
19;Practicar con ejemplos reales suele ayudar bastante.;8;9;;2025-11-21T19:03:40.111730
20;Divide el problema en partes más simples para avanzar más fácil.;1;10;;2025-11-01T08:21:40.111730
21;Divide el problema en partes más simples para avanzar más fácil.;5;10;;2025-10-30T05:46:40.111730
22;Revisa documentación oficial y practica con ejercicios pequeños.;7;11;;2025-10-26T23:59:40.111730
23;Divide el problema en partes más simples para avanzar más fácil.;9;11;;2025-10-23T22:45:40.111730
24;Asegúrate de revisar configuraciones y parámetros del entorno.;5;11;;2025-11-09T18:22:40.111730
25;Practicar con ejemplos reales suele ayudar bastante.;2;12;;2025-11-15T20:08:40.111730
26;Practicar con ejemplos reales suele ayudar bastante.;3;12;;2025-11-07T08:59:40.111730
27;Practicar con ejemplos reales suele ayudar bastante.;1;13;;2025-11-20T08:35:40.111730
28;Revisa documentación oficial y practica con ejercicios pequeños.;10;13;;2025-11-20T01:41:40.111730
29;Practicar con ejemplos reales suele ayudar bastante.;10;13;;2025-10-27T09:48:40.111730
30;Asegúrate de revisar configuraciones y parámetros del entorno.;6;14;;2025-11-06T23:07:40.111730
31;Practicar con ejemplos reales suele ayudar bastante.;5;14;;2025-11-11T06:40:40.111730
32;Revisa documentación oficial y practica con ejercicios pequeños.;9;15;;2025-11-13T23:51:40.111730
33;Practicar con ejemplos reales suele ayudar bastante.;2;16;;2025-11-24T22:07:40.111730
34;Asegúrate de revisar configuraciones y parámetros del entorno.;1;17;;2025-11-07T08:15:40.111730
35;Asegúrate de revisar configuraciones y parámetros del entorno.;2;17;;2025-11-20T17:16:40.111730
36;Divide el problema en partes más simples para avanzar más fácil.;4;17;;2025-11-26T08:47:40.111730
37;Revisa documentación oficial y practica con ejercicios pequeños.;9;18;;2025-10-28T08:53:40.111730
38;Practicar con ejemplos reales suele ayudar bastante.;4;18;;2025-11-11T05:58:40.111730
39;Divide el problema en partes más simples para avanzar más fácil.;5;18;;2025-11-17T14:19:40.111730
40;Lo mejor es empezar entendiendo bien los fundamentos.;5;19;;2025-10-25T12:41:40.111730
41;Asegúrate de revisar configuraciones y parámetros del entorno.;10;20;;2025-11-02T14:51:40.111730
42;Asegúrate de revisar configuraciones y parámetros del entorno.;7;20;;2025-11-07T12:25:40.111730
43;Practicar con ejemplos reales suele ayudar bastante.;1;20;;2025-10-31T10:20:40.111730
44;Asegúrate de revisar configuraciones y parámetros del entorno.;6;21;;2025-11-20T22:51:40.111730
45;Asegúrate de revisar configuraciones y parámetros del entorno.;8;21;;2025-11-05T22:02:40.111730
46;Divide el problema en partes más simples para avanzar más fácil.;8;22;;2025-11-22T18:33:40.111730
47;Divide el problema en partes más simples para avanzar más fácil.;8;22;;2025-11-23T10:06:40.111730
48;Divide el problema en partes más simples para avanzar más fácil.;5;22;;2025-11-13T14:29:40.111730
49;Asegúrate de revisar configuraciones y parámetros del entorno.;2;23;;2025-11-20T22:18:40.111730
50;Divide el problema en partes más simples para avanzar más fácil.;8;23;;2025-10-26T05:12:40.111730
